idx,wall_time,tf_stamp,gps_rel_x,gps_rel_y,estimate_x,estimate_y,direct_error_m,aligned_error_m,heading_error_deg,event
0,1782014966.1837752,19.48,0.0,0.0,0.0,0.0,0.0,0.04606038063937553,,
1,1782014966.7059658,19.96,0.0,0.0,0.0,0.0,0.0,0.04606038063937553,,
2,1782014967.2159595,20.48,0.0,0.0,0.0,0.0,0.0,0.04606038063937553,,
3,1782014967.7175632,20.96,0.04797568867897439,-0.00010153263490053632,0.03968509443052136,0.0003151931015145874,0.008301060976277265,0.040832010633830726,,
4,1782014968.2513661,21.48,0.15315459365368866,0.0021532065783507193,0.1490196028605134,0.004322168919354367,0.004669319703804413,0.0426647759551854,,
5,1782014968.758124,21.96,0.25888241883754404,0.010159726167502825,0.2502704100011141,0.013256531745624776,0.009151879642315803,0.0391412226953649,,
6,1782014969.269397,22.48,0.3644979035839171,0.0234811210398016,0.3595972319116331,0.028223342530961083,0.006819475603793994,0.040859052376239734,,
7,1782014969.7955287,22.96,0.47028383900840254,0.04044452040885105,0.4512945864517991,0.044529153316936236,0.019423592320996722,0.03161468108456285,,
8,1782014970.2985349,23.48,0.5720758003155666,0.06164470038515546,0.5568709984399971,0.06705437506245002,0.01613848134706248,0.03252242551246615,,
9,1782014970.817611,23.96,0.672210037608103,0.08948812738409817,0.6526644427013615,0.09418983646660664,0.020103142753186247,0.028300020123998137,,
10,1782014971.3327353,24.48,0.7707816658201097,0.12414786461867955,0.7549912269388208,0.13049701096908828,0.017019095729286757,0.0299863318344723,,
11,1782014971.8376472,24.96,0.8653792146706678,0.16431496817399083,0.8459114945962535,0.14923743481390062,0.024623649955284613,0.01331847660841307,,
12,1782014972.3468077,25.48,0.9568759998991965,0.21263888529639452,0.9404883526812456,0.19907068460359328,0.02127559755635887,0.01740200239137369,,
13,1782014972.8885925,25.96,1.0415115827718822,0.2654521369196985,1.0213312648561055,0.2506491673232866,0.025027447733520718,0.014824868476645454,0.5608048785319835,
14,1782014973.8834243,26.96,1.1664207259748025,0.3858749072527443,1.174495490577128,0.36234474822432494,0.024877102067678142,0.04750086377627153,1.244831821225494,
15,1782014974.426579,27.48,1.217260727149288,0.46192182358829026,1.227623187106189,0.4442072009053942,0.020522875850030205,0.05032876989806161,1.2534950309289365,
16,1782014974.9319654,27.96,1.2422088566874763,0.5249534449569833,1.2358731885249619,0.4736072694998428,0.051735581809243765,0.05466333103875237,,
17,1782014975.9382913,28.96,1.247923097236658,0.5508610567515868,1.2403265912560217,0.505716571429674,0.04577915964818758,0.04960326370272176,,
18,1782014976.9588962,29.96,1.2369363261815423,0.5530298235275204,1.2403320046938409,0.505715510839227,0.047436007607349215,0.05889729963575641,,
19,1782014977.9634628,30.96,1.2249668309278192,0.56171288657392,1.2403411541048794,0.505708532597889,0.05807630736733596,0.0736316571369697,,
20,1782014978.4809732,31.48,1.2202669822545005,0.5694584319118166,1.2403450824661562,0.5057020674033381,0.06684313071249173,0.08230262407614511,,
21,1782014979.0170376,31.96,1.218069839877998,0.5782481788200338,1.2403466508562098,0.5056940546406342,0.07589701735113641,0.09002180366157057,,
22,1782014980.0059617,32.96,1.35006685676818,0.577239289306311,1.365186192326574,0.48684325860479083,0.09165171397370313,0.10144299898501782,,
23,1782014980.5257037,33.48,1.3981124625808192,0.5609443873081901,1.3824328812264015,0.5315424821911483,0.033321483999986114,0.035247266330704775,,
24,1782014981.034956,33.96,1.4621521685129863,0.5048802385770959,1.4402204670058307,0.4777869983190058,0.03485746976878219,0.029510846528540368,,
25,1782014982.075601,34.96,1.5795700368983745,0.3435171858980919,1.5538412956250738,0.33616229085604293,0.026759346191340398,0.012552084124953282,,
26,1782014983.0636578,35.96,1.6683727596230682,0.15489665169578526,1.6590847127064543,0.1759904692416459,0.023048144267668914,0.031040609242631172,,
27,1782014983.5817895,36.48,1.7047777661787507,0.055192145927913216,1.6951257698489786,0.07202305882800397,0.019402078811312343,0.02586710760392667,,
28,1782014984.0950315,36.96,1.7366981216739177,-0.04563606751591287,1.7240894094878711,-0.02508046453080024,0.02411456897960504,0.024128993368463827,,
29,1782014984.6050687,37.48,1.7653896441213135,-0.14998440175525474,1.7626747210305709,-0.13381237127858192,0.016398334583947294,0.02680771358686033,3.1619207495439516,
30,1782014985.133763,37.96,1.7903851426995558,-0.25285046948273404,1.7848496585791267,-0.23279371627317053,0.020806607934905193,0.02465263791724759,2.951300545454137,
31,1782014986.1406322,38.96,1.8312926262230533,-0.4665033903557667,1.8232946585190124,-0.44622456001025756,0.021799046941938183,0.01937484389775713,1.8801988994567647,
32,1782014986.658864,39.48,1.8489829577775012,-0.5738214504171744,1.8403989027811474,-0.5578659926743367,0.018118019537573814,0.013812355756517118,1.7410477944865952,
33,1782014987.6599417,40.48,1.8814350571007523,-0.7896098876364857,1.890702115081778,-0.7636587266861576,0.027556144837286675,0.029456546696875502,2.2552514311402407,
34,1782014988.184351,40.96,1.895982259602583,-0.8980516368591953,1.9038315544900828,-0.8679058261580211,0.031150944336600084,0.02988178830771691,0.9729231813474963,
35,1782014988.694654,41.48,1.909626651751573,-1.0068541279351528,1.9171804645100299,-0.9807902841474045,0.027136396963892816,0.024742892705081145,0.8445434755165045,
36,1782014989.2048986,41.96,1.9229032479445962,-1.1158401488420369,1.9290397620745683,-1.0953979106103438,0.02134342778441744,0.017713805070571045,0.7394250060880174,
37,1782014989.728073,42.48,1.9359875141454737,-1.2249550937216824,1.9416658296965679,-1.208678406157241,0.017238730393165206,0.012444545340995964,0.150636075040846,
38,1782014990.2368674,42.96,1.9488289895310302,-1.3338250554014968,1.953034211909493,-1.3131320778158744,0.021115946974061914,0.014196464893119622,0.17731593928021538,
39,1782014990.7443352,43.48,1.9612761814699624,-1.442853909083139,1.9748980026489362,-1.4267032724783737,0.021128111012845476,0.01425047937133277,0.8193222072013416,
40,1782014991.266184,43.96,1.9728070718195028,-1.5518082665292816,1.984800910206596,-1.5310979164944742,0.023932629563421494,0.014879349704154074,0.7920147053894312,
41,1782014992.2938178,44.96,1.9950900869793102,-1.7702355833288346,2.0048157406874556,-1.7494420086217055,0.022955633059267157,0.012525964909082513,0.4663486333680372,
42,1782014992.8118505,45.48,2.0057938905899277,-1.8797693545720868,2.0150280720968627,-1.8632776820189154,0.01890093573620226,0.008398336018436104,0.4789671297329693,
43,1782014993.3172588,45.98,2.0161538798952066,-1.9889332476467203,2.0243995769024794,-1.9722982374058369,0.018566504378855084,0.009914577530504454,0.49500730373084756,
44,1782014994.3189838,46.96,2.036445756701035,-2.2076896589531723,2.052421260985038,-2.186760845191691,0.026329298938463447,0.01205723325054897,0.015609328734485608,
45,1782014994.8274083,47.48,2.0461973902636004,-2.3163660870030354,2.061179364528341,-2.2995740425553035,0.02250405095985945,0.00974764324036188,0.020726421807986773,
46,1782014995.3448548,47.96,2.0545852501361352,-2.425306483906959,2.068062848811451,-2.4041071501870563,0.025120856199992,0.015470797663298955,0.027519779375909725,
47,1782014995.8546607,48.48,2.0619047710917826,-2.533560524870424,2.07416858035411,-2.516782550889099,0.020782238294773967,0.015564318784594333,0.5764177859207662,
48,1782014996.3665195,48.96,2.066178303458713,-2.639354064376365,2.076424758175656,-2.6182933221142517,0.02342103112370435,0.02137029277631414,0.5923862255123933,
49,1782014996.874838,49.48,2.06548425388538,-2.7466264193513132,2.0741526504854337,-2.7294474342186614,0.019242105648906944,0.023354284853447364,0.5668130620229542,
50,1782014997.4121413,49.96,2.061478762306024,-2.8515962225288867,2.0681305222125492,-2.8299673209291956,0.022628638807121827,0.02899904158244144,0.6118131576440458,
51,1782014998.4198248,50.96,2.0388488483074028,-3.0593409711537354,2.040828934284763,-3.037716368629065,0.02171506792132399,0.03777787497818985,0.784196060789422,
52,1782014998.9366846,51.48,2.018585324914696,-3.150246410458153,2.0247990574594095,-3.131251839749613,0.01998509916259981,0.034981328530357673,1.0266474806601493,
53,1782014999.4518905,51.96,1.9865294064953432,-3.2217512916785456,1.9865278508615443,-3.201281865744716,0.020469425992941853,0.04306592172554311,1.3757649793091344,
54,1782015000.4785662,52.96,1.9855992378254683,-3.221639172705703,1.9856012129257539,-3.202529668669682,0.019109504138091368,0.042705269053154374,,
55,1782015001.485026,53.96,1.9744188488198944,-3.216518503488189,1.9856156487030636,-3.20253702486846,0.017912288296520838,0.030597011561927036,,
56,1782015001.998124,54.48,1.9679965794042715,-3.2172006337387957,1.9854567098191107,-3.2038746545176338,0.021964468495869246,0.02437580919631004,,
57,1782015002.5041902,54.96,1.9620649750066477,-3.2228706400115805,1.9859794532731172,-3.208504729970803,0.027897699583606488,0.01862395614463867,,
58,1782015003.0138674,55.48,1.9541338703551148,-3.225917899840475,1.9861063078081662,-3.2092225572231023,0.03606897866312193,0.01304968605552343,,
59,1782015003.5422382,55.96,1.952908563365149,-3.236549667439767,1.9902136555985235,-3.214424389074833,0.04337277774441471,0.01507698473635926,,
60,1782015004.5416043,56.96,2.0559892576385366,-3.3137503677135554,2.0966204185198527,-3.2785893143854654,0.05373258699992193,0.02533072324373235,,
61,1782015005.0528376,57.48,2.1463852340579237,-3.3468631519372565,2.1692246828146966,-3.3127175596160305,0.04107994516160676,0.030690482156363184,,
62,1782015005.5591528,57.98,2.237159321986624,-3.369711147216288,2.2601193658922165,-3.334920367932219,0.04168407296965545,0.029985667720859383,,
63,1782015006.0598748,58.48,2.3397790256266617,-3.3770979488479322,2.3421260213971835,-3.393498296290496,0.016567431466091805,0.053432782658381535,,
64,1782015006.5843058,58.96,2.435554070977041,-3.375830301014235,2.433081583317694,-3.3940884504062394,0.01842479889839706,0.05962648075396021,,
65,1782015007.086526,59.48,2.5394334857540954,-3.369923971938505,2.5412419351517657,-3.377091409870004,0.007392067080717292,0.05089408794715082,,
66,1782015007.6081567,59.96,2.642651713619287,-3.355622673291524,2.6399559182706906,-3.363352051872526,0.008186000599191664,0.05592514280276046,,
67,1782015008.1232955,60.48,2.7304089051670815,-3.339767786724864,2.7326957507581286,-3.3439456047296234,0.004762754039228087,0.05057715796032959,,
68,1782015008.6245363,60.98,2.831491756893577,-3.3026287188478105,2.842135338274467,-3.3084570790455934,0.012134892138240419,0.046024428801127774,,
69,1782015009.1359158,61.48,2.9316961080908968,-3.2638878092169326,2.942390923795801,-3.2700986340314575,0.012367434165524438,0.04727278606710902,,
70,1782015009.656728,61.96,3.0294464970397,-3.2228452473379625,3.036046934360317,-3.230893915837639,0.01040897869346827,0.052349016793751264,,
71,1782015010.647764,62.96,3.1920610402136376,-3.149538689918299,3.1991521236948777,-3.1696139027605286,0.02129078757582093,0.06376475353468232,0.6333489391927715,
72,1782015011.1604877,63.48,3.2891647398076174,-3.1034413837196766,3.301776537234385,-3.1234490412512668,0.023650873012115527,0.06256130675299189,0.7043345243143578,
73,1782015011.6649406,63.96,3.3827427114852924,-3.063121198472639,3.3912327159960514,-3.087350439067272,0.025673649455917394,0.06959499609205984,1.4620778408328032,
74,1782015012.1827161,64.48,3.451859043541532,-3.0320687924983676,3.4658898343554796,-3.058724836093704,0.030123209507308877,0.07094565574195073,1.8259821423740403,
75,1782015012.7016978,64.98,3.5579536603239674,-3.0023896237402425,3.572080038859341,-3.020253529981427,0.022774409250702586,0.06458277289314956,1.3583020896493725,
76,1782015013.7040312,65.96,3.769916879201581,-2.9430584464508454,3.78002443494237,-2.964371152302029,0.023588007837717837,0.0730915257023705,1.069329676007456,
77,1782015014.2207615,66.48,3.8758982895855567,-2.9133929163008774,3.8904002200592336,-2.934705649056845,0.025778645522809108,0.0737687254034515,1.1195960903544173,
78,1782015014.7273493,66.96,3.9817754970333894,-2.8838252133567286,3.992143762419078,-2.9072554384717275,0.025621794941955114,0.07899150153443417,1.1158138498075993,
79,1782015015.2352479,67.48,4.087799500520767,-2.8543121581842748,4.102507651904315,-2.8775457119974694,0.027497776999459086,0.0797394433331353,0.5322844881444299,
80,1782015015.75951,67.96,4.1938234886401276,-2.8247991611778644,4.204368550262661,-2.85013266909905,0.027440571207899223,0.08486778229285723,0.4634513871879909,
81,1782015016.2625153,68.48,4.299847479231815,-2.795286173463271,4.314761571353081,-2.81053157894413,0.021327272026150715,0.07612725468685079,0.22384923344222693,
82,1782015016.785056,68.98,4.405871467304905,-2.7657731767016536,4.420973692105074,-2.7821420099809306,0.022271414343045012,0.07931601386731406,0.38274511984108606,
83,1782015017.300835,69.48,4.511895457695815,-2.7362601882658093,4.527089020276841,-2.7537915881076804,0.023199015589440843,0.08258999697275826,0.1592396610859176,
84,1782015017.8088439,69.96,4.617919446051978,-2.7067471925190945,4.6289989399991445,-2.726561347882519,0.022701452352024136,0.08777357456891396,0.0719827704232456,
85,1782015018.3212848,70.48,4.72394343608844,-2.6772342028075258,4.739364147561387,-2.6868565162757623,0.018176557947336577,0.0790933855205839,0.5707748830637691,
86,1782015018.8295662,70.98,4.829967424859333,-2.647721208548344,4.845531909058036,-2.6582982898749594,0.01881828413435995,0.08219334267606518,0.5718038137103297,
87,1782015019.8447137,71.96,5.042015403695672,-2.588695224678276,5.053564402805042,-2.602747921885042,0.018189493649172734,0.09062837279666934,0.43374763667405314,
88,1782015020.3541553,72.48,5.1479954089399556,-2.5592130199549734,5.164084056258664,-2.5732189626213198,0.02133098690916047,0.09215944590926557,0.42175976778459606,
89,1782015020.8689072,72.96,5.2521581142131595,-2.5291811940200883,5.27395349492844,-2.5452140918233326,0.027057206664644843,0.0959899373161064,0.2610046580858763,
90,1782015021.369349,73.48,5.353685670284641,-2.4980524466079705,5.379812666943751,-2.5129892789346937,0.030095330441478964,0.09705760086940568,0.19697209106270228,
91,1782015021.8920443,73.96,5.44551022039937,-2.4645122129145136,5.467466542905524,-2.478709294138561,0.026146456992801624,0.09833212176740348,0.020232276256739852,
92,1782015022.3998127,74.48,5.49531161700564,-2.440147084021701,5.522031915174104,-2.44815536855817,0.027894568565020518,0.09327097157021469,0.31943506538083466,
93,1782015022.914401,74.98,5.495287151179625,-2.4401543532867462,5.522031915174104,-2.44815536855817,0.027915921021774363,0.09326405114814726,0.21562042938210618,
94,1782015023.424714,75.48,5.535701309246932,-2.4114565138457493,5.5598008445801534,-2.4231789655108416,0.026799318579352565,0.09781328684375046,,
95,1782015023.9374292,75.96,5.623711543947508,-2.3545914454338064,5.644517446829152,-2.3993107015459354,0.04932238297104675,0.1327186348747416,,
96,1782015024.444753,76.48,5.715330159071449,-2.303818859558211,5.740103039574992,-2.347388189861972,0.05011967828668718,0.13363871847143866,,
97,1782015024.9653049,76.98,5.810586515949744,-2.2573507722043837,5.835444752292458,-2.3015624807669446,0.05072087428358328,0.13639922119556838,,
98,1782015025.4688609,77.48,5.907044070430253,-2.2153618717642116,5.942565988731483,-2.250983133504943,0.05030587408842958,0.1309334511404411,,
99,1782015025.9818902,77.96,6.022840537339384,-2.187042589778823,6.039346893943975,-2.2160512279998597,0.03337605278934144,0.12572585683527243,,
100,1782015026.497271,78.48,6.085604698530666,-2.173641625641972,6.144626673218144,-2.1816256900270314,0.059559539790986035,0.11395313601987016,,
101,1782015027.005631,78.96,6.1274341930919505,-2.180062666246247,6.232090904676735,-2.1608896308972874,0.10639846128696212,0.1181890577121379,,
102,1782015027.5173814,79.48,6.228875662289326,-2.204695768863729,6.227526577554425,-2.158442427646644,0.04627301160899375,0.058293465555494174,,
103,1782015028.0581007,79.96,6.321934076472701,-2.2279243310738277,6.322119213350194,-2.159072219983419,0.06885235999781976,0.039000937035467954,,
104,1782015029.0669043,80.96,6.413995692543089,-2.24635217657295,6.418085044695769,-2.1550282156002605,0.09141547269893613,0.02035925390776518,,
105,1782015029.578134,81.48,6.437101724458088,-2.2542048638536416,6.443296655693413,-2.150472398847383,0.10391728186055049,0.013027811897498225,,
106,1782015030.086795,81.96,6.45336342523354,-2.256426418636787,6.457952862958153,-2.144484012738271,0.11203644575305007,0.015616294013368165,,
107,1782015030.5957177,82.48,6.453005166862546,-2.2550136157892737,6.458505806791658,-2.1441998767950547,0.11095017705938387,0.01434355247615664,,
108,1782015031.1215153,82.98,6.452822293737526,-2.2540873082945385,6.458506297849493,-2.144200979265015,0.1100332368438263,0.013875092152216361,,
109,1782015031.6238298,83.48,6.452705075638633,-2.253395570706326,6.458410502619093,-2.144240468701493,0.10930410875495411,0.013661691921675125,,
110,1782015032.1464388,83.96,6.452653068686594,-2.253052349591723,6.45841028181827,-2.144239907068219,0.10896464174664365,0.013532669750702971,,
111,1782015032.6633928,84.48,6.452620022580874,-2.2528195037302066,6.458507060968733,-2.144202883772677,0.1087760421783147,0.01336308496001382,,
112,1782015033.1680286,84.96,6.4525887830673625,-2.2525864173215497,6.458409983167183,-2.144239116752456,0.10850356635250154,0.01337611472048335,,
113,1782015033.6692836,85.48,6.452559353181478,-2.2523531073206353,6.458409859126566,-2.1442387765747757,0.108272512358579,0.013305944102447214,,
114,1782015034.2044528,85.98,6.452531734439631,-2.252119587912576,6.4585074744289495,-2.1442040176749435,0.10808089455650019,0.013149000593754796,,
115,1782015035.1949587,86.96,6.474329561593663,-2.2480696554636914,6.479152617806092,-2.1364114405106496,0.11176233192685245,0.014959501405256568,,
116,1782015035.7036242,87.48,6.474238448603266,-2.245187679009236,6.4792527481480375,-2.13638499494618,0.10891816771893399,0.014004501563803366,,
117,1782015036.2199545,87.96,6.474326202917595,-2.2433133515196895,6.479150985629606,-2.136404267095134,0.10701789972109715,0.013985580682487436,,
118,1782015036.729966,88.48,6.474465848797671,-2.2419286474094093,6.479150749446335,-2.136402350539837,0.10563024010714428,0.014135429460108468,,
119,1782015037.2522247,88.96,6.474590955006384,-2.2410305245793936,6.479150675741591,-2.1364015089218436,0.10472832458628811,0.014338427217227607,,
120,1782015037.7525878,89.48,6.474706035965021,-2.240338417161942,6.479150623016548,-2.1364006657143615,0.10403273778016991,0.014549885669152126,,
121,1782015038.2722638,89.96,6.474786517745727,-2.2399053476624804,6.479254175852062,-2.136396963080111,0.10360475687827633,0.014604098799128164,,
122,1782015038.7825305,90.48,6.474832043113786,-2.2396745413519845,6.479150599528376,-2.1363999419303537,0.10336485290080144,0.014796400984121627,,
123,1782015039.289459,90.98,6.47487935835953,-2.239444075217662,6.479150591859631,-2.1363995799246656,0.10313297942850662,0.01489163945161464,,
124,1782015039.8177178,91.48,6.474928462152803,-2.239213972742407,6.479254201414012,-2.136398169740911,0.10290676055050225,0.014891175539104958,,
125,1782015040.348298,91.98,6.474979351754271,-2.2389842479801905,6.479150583805735,-2.136398735101244,0.10267028114047232,0.015096169598479653,,
126,1782015040.8617313,92.48,6.475032024308433,-2.238754914930592,6.479150584571546,-2.1363983730151466,0.10243936846510329,0.015205290655113668,,
127,1782015041.3790705,92.96,6.474979401320326,-2.2389840317317535,6.479150583805735,-2.136398735101244,0.10267006305684337,0.015096271137101278,,
128,1782015041.8983233,93.48,6.474989744572355,-2.2389383459618664,6.479254203766968,-2.1363986525169563,0.10262833109818487,0.015017926859693755,,
129,1782015042.4092352,93.96,6.4750342189448915,-2.2387455347734857,6.479254202579404,-2.136399014601917,0.10243348306635328,0.015110667538604525,,
130,1782015042.9139433,94.48,6.475010742876016,-2.2388465951297114,6.4791505840351045,-2.136398493709808,0.10253171104280523,0.015161101296383773,,
131,1782015043.435398,94.96,6.4750129081465815,-2.2388372102916385,6.4791505840351045,-2.136398493709808,0.10252224644773969,0.015165594600070774,,
132,1782015043.9471614,95.48,6.474977284222625,-2.2389934208107984,6.479254203600481,-2.136398531821217,0.10268399722522106,0.014992043771252893,,
133,1782015044.456039,95.98,6.475029884726631,-2.238764073934994,6.479150584571546,-2.1363983730151466,0.10244860610093,0.015200839196935361,,
134,1782015044.9668512,96.48,6.474981475510383,-2.238974844324389,6.479150583805735,-2.136398735101244,0.10266079898060845,0.015100556772839334,,
135,1782015045.9914775,97.48,6.474993972223551,-2.238919770757132,6.479150583779833,-2.136398614405393,0.10260538445582437,0.015126372531558168,,
136,1782015046.5192344,97.96,6.475008631353717,-2.238855761613001,6.479254203652283,-2.1363987732127563,0.10254491384847061,0.015057232870460324,,
137,1782015047.5242388,98.96,6.475008631780092,-2.23885575988593,6.479254203652283,-2.1363987732127563,0.1025449121052277,0.015057233726027608,,
138,1782015048.0372388,99.48,6.475006571910242,-2.2388647185094603,6.4791505840351045,-2.136398493709808,0.10254998810913585,0.015152447797994208,,
139,1782015048.5442379,99.98,6.474971093581445,-2.23902096122627,6.479150584112808,-2.136398855796708,0.10270717922276867,0.015079152348947944,,
140,1782015049.0632353,100.48,6.475023480346259,-2.2387915666424485,6.479254203256427,-2.136398893907961,0.10248003925669878,0.0150882151001077,,
141,1782015049.5720236,100.98,6.474996066347003,-2.2389105879906293,6.479150583779833,-2.136398614405393,0.10259612440750311,0.015130708707672025,,
142,1782015050.072355,101.48,6.475027798767734,-2.2387730181033287,6.479150584571546,-2.1363983730151466,0.1024576269475112,0.015196499831519328,,
143,1782015050.5843236,101.96,6.474975267906743,-2.2390023793473546,6.479150583805735,-2.136398735101244,0.10268856350849774,0.015087735059511439,,
144,1782015051.1023533,102.48,6.47498974811861,-2.2389383299562153,6.479254203766968,-2.1363986525169563,0.10262831495900197,0.015017934324204531,,
145,1782015051.6092126,102.96,6.475034222615513,-2.238745518734488,6.479254202579404,-2.136399014601917,0.10243346688975255,0.015110675301114844,,
146,1782015052.111207,103.48,6.4750320288932315,-2.23875489516157,6.479150584571546,-2.1363983730151466,0.10243934852773431,0.015205300235959543,,
147,1782015052.632811,103.96,6.474991884918573,-2.238928936385177,6.479150583779833,-2.136398614405393,0.1026146271322798,0.015122051875360589,,
148,1782015053.6698132,104.96,6.475004417702415,-2.2388740941184526,6.479150583779833,-2.136398614405393,0.10255932251903394,0.015148015026149222,,
149,1782015054.6642654,105.96,6.475008684617578,-2.238855533101611,6.4791505840351045,-2.136398493709808,0.10254072484490429,0.015156830178273751,,
150,1782015055.1890888,106.48,6.474956795065886,-2.239085036633849,6.4792542031528235,-2.136398411126193,0.10277650886469777,0.014949615569436954,,
151,1782015055.7145576,106.96,6.4749710962312506,-2.239020947651861,6.479150584112808,-2.136398855796708,0.10270716555177417,0.01507915824776796,,
152,1782015056.2179935,107.48,6.475023483780063,-2.238791551618201,6.479254203256427,-2.136398893907961,0.10248002410350064,0.015088222329491295,,
153,1782015056.737067,107.96,6.475034175372507,-2.2387457195854346,6.479150584571546,-2.1363983730151466,0.1024300940870044,0.01520976720500842,,
154,1782015057.2538645,108.48,6.4787984692453975,-2.2394426406749375,6.482673531473501,-2.136428514714683,0.10308698392438725,0.015303240042432777,,
155,1782015057.7550802,108.96,6.484450546031972,-2.240589154328461,6.488682746672698,-2.136522450054852,0.10415272661161679,0.014777483578724757,,
156,1782015058.2660298,109.48,6.484412043231849,-2.240715260241682,6.488786350037932,-2.136524298503774,0.10428274578233948,0.014617413596636921,,
157,1782015058.8043375,109.96,6.484361406574138,-2.240925965508511,6.488786353078925,-2.136524057131876,0.10449563925950939,0.014535008623913647,,
158,1782015059.8259008,110.96,6.484441270056948,-2.240596430535846,6.488786345591244,-2.136524539854358,0.1041625561870402,0.014665780778785836,,
159,1782015060.819911,111.98,6.484400903269318,-2.2407609815735157,6.488786351839576,-2.136524177821367,0.10432901521449497,0.014599134374824857,,
160,1782015061.3231506,112.48,6.484403069299837,-2.240752047141079,6.488786351839576,-2.136524177821367,0.1043199976454666,0.01460268086684003,,
161,1782015061.847556,112.96,6.4844458124245605,-2.240578158354623,6.488786345591244,-2.136524539854358,0.10414411049680011,0.014673334618190098,,
162,1782015062.8699746,113.96,6.4844412710248065,-2.24059642613995,6.488786345591244,-2.136524539854358,0.10416255175459681,0.014665782470472727,,
163,1782015063.3765128,114.48,6.484385454638307,-2.2408250287511784,6.488786351839576,-2.136524177821367,0.10439365594162735,0.014573933391990939,,
164,1782015063.8835227,114.98,6.484441217914608,-2.240596637784021,6.488682745152195,-2.136522570741129,0.10416046267253062,0.014767063753626724,,
165,1782015064.3957326,115.48,6.484403123224901,-2.24075182769817,6.488682740986635,-2.13652281209673,0.10431683862843875,0.014704465956292097,,
166,1782015064.9158905,115.96,6.4844186791024185,-2.2406880270478338,6.48878634851743,-2.1365244191900503,0.10425513770586518,0.01462837269321819,,
167,1782015065.4171088,116.48,6.484443541965838,-2.2405872856730227,6.488786344070742,-2.1365246605406343,0.10415320388526869,0.014669581772117517,,
168,1782015065.9302597,116.96,6.484445760715964,-2.240578364386508,6.488682745152195,-2.136522570741129,0.10414201951317516,0.01477459275440485,,
169,1782015066.4348223,117.48,6.484398689846458,-2.2407701203877632,6.4887863503190735,-2.136524298507643,0.10433811836469298,0.014595536997532774,,
170,1782015066.9403088,117.96,6.484361408801256,-2.240925954012271,6.488682735326363,-2.136523294846248,0.10449205282639135,0.01463703621907317,,
171,1782015067.4529393,118.48,6.484416441947943,-2.2406971649737493,6.48878634851743,-2.1365244191900503,0.10426436134912646,0.014624687832288721,,
172,1782015067.9595673,118.96,6.484427715679352,-2.240651241912442,6.488786346434647,-2.1365245398679322,0.10421788589645771,0.014643312897615118,,
173,1782015068.4645123,119.48,6.484416495553113,-2.240696948874863,6.48878634851743,-2.1365244191900503,0.10426414319344364,0.014624775605329383,,
174,1782015068.9859405,119.96,6.4843614605069035,-2.240925736969645,6.4887863515584225,-2.1365241778181527,0.10449528799941354,0.014535117282333813,,
175,1782015069.5031686,120.48,6.484376639653945,-2.2408618468811135,6.488682736425131,-2.136523174155395,0.10442749204863352,0.014661529778162374,,
176,1782015070.0289369,120.96,6.484432171214678,-2.2406331731968923,6.488786346434647,-2.1365245398679322,0.10419964671470841,0.014650686459778062,,
177,1782015071.0440245,121.96,6.489274733972678,-2.241570989535507,6.493137072816013,-2.1366312558325067,0.1050107869268552,0.015039060949622691,,
178,1782015071.547666,122.48,6.49355795019202,-2.2425184844783628,6.498004984330668,-2.136778221568906,0.10583373428539386,0.014398086473141506,,
179,1782015072.068674,122.96,6.4949110855368986,-2.24274919462733,6.49945481830042,-2.1368277480146993,0.10601885851082675,0.014293442346306678,,
180,1782015072.5816553,123.48,6.5002072846954135,-2.2431311592604297,6.504631665088079,-2.1370349016198817,0.10618846937021238,0.014414903180125562,,
181,1782015073.105533,123.96,6.500801773245406,-2.247995952486634,6.505770310858285,-2.1369853725640673,0.11112171354310171,0.01444439238791836,,
182,1782015074.1071773,124.96,6.511235988602564,-2.254011627723452,6.546688022083867,-2.1346584371173933,0.12450715154482325,0.020285449799151884,,
183,1782015075.095406,125.96,6.5167847584668905,-2.246389652335778,6.55103310531509,-2.1349332743011358,0.11659962892923666,0.015869363166649598,,
184,1782015075.61765,126.48,6.5297060666620865,-2.2550084699261497,6.564263172517808,-2.1333051074405267,0.1265144339805957,0.02079647000283411,,
185,1782015076.1223853,126.96,6.539420301350461,-2.261665908060621,6.573870785860091,-2.1307430261186964,0.13537960296487597,0.027485629214543887,,
186,1782015076.630691,127.48,6.5403537536727825,-2.2646913185206294,6.573779803607174,-2.130792306791601,0.13800813800724546,0.029448626857994206,,
187,1782015077.1554954,127.96,6.541192825721019,-2.2667587756695777,6.573865736241259,-2.1307345294459514,0.13989322586376113,0.030958701870488204,,
188,1782015077.6569543,128.479999999,6.541869524301269,-2.268164589538287,6.573783358938402,-2.1307973272810674,0.1410257337555457,0.03184135658561999,,
189,1782015078.1735299,128.96,6.54242279640853,-2.269193540209347,6.57378468765028,-2.1307988906745656,0.1419036547877266,0.03256018247179499,,
190,1782015078.6786706,129.479999999,6.54277424184847,-2.269801237129446,6.573861372935947,-2.1307292159533695,0.14250416412599692,0.03308037687202323,,
191,1782015079.1885455,129.96,6.543080440041081,-2.2703057206357764,6.5738603742760375,-2.130728166978983,0.14293109471463267,0.03343743180242599,,
192,1782015079.696929,130.479999999,6.543205392132826,-2.270505414929702,6.5737862483154155,-2.1308005705033386,0.14301269985932946,0.03348595721565043,,
193,1782015080.221427,130.96,6.543331907106207,-2.2707041918632687,6.57378650327625,-2.1308008276062393,0.14317972537449364,0.03362727272662524,,
194,1782015081.2156062,131.96,6.543589557257484,-2.2710987777253164,6.573859265599491,-2.1307270567740697,0.1435983122669793,0.034002129187660345,,
195,1782015081.7270823,132.479999999,6.543720676827242,-2.271294562287281,6.573787366007123,-2.1308016716317972,0.1436741386714159,0.03404871547647092,,
196,1782015082.2487404,132.96,6.543383514256938,-2.270787526004262,6.573858917759316,-2.130726721982407,0.14333798883018145,0.03378112542833174,,
197,1782015082.7975266,133.479999999,6.54137768296691,-2.2671652670448106,6.573782650103303,-2.130796669777534,0.14016588820306947,0.031148557289706086,,
198,1782015083.7953377,134.479999999,6.541957167331205,-2.268333964555694,6.573784351725186,-2.1307988624010674,0.14116966384861893,0.03195840297577107,,
199,1782015084.3624365,134.96,6.5424892951903075,-2.269310889601094,6.573863030486297,-2.1307314522823813,0.14208649377753638,0.0327340501103763,,
200,1782015084.8753328,135.479999999,6.542843322566355,-2.26991695659681,6.573862215546074,-2.1307305620337242,0.14260092620021184,0.03316100598511317,,
201,1782015085.3795161,135.96,6.543112215421338,-2.2703567523975945,6.573787335569895,-2.130802183645929,0.142886110786149,0.03337917788769204,,
202,1782015085.908588,136.479999999,6.543237571164106,-2.270556232719237,6.573861377145122,-2.1307296938292986,0.1431407645316398,0.033613961625345606,,
203,1782015086.4353733,136.96,6.543364480486552,-2.2707547595009805,6.573861121884991,-2.1307294370235472,0.14330783674138042,0.03375522596561736,,
204,1782015086.9361722,137.48,6.543492930477619,-2.270952297834893,6.573788186419496,-2.1308030396474824,0.14338625144366296,0.033802708118859284,,
205,1782015087.4541273,137.96,6.5436229133616095,-2.2711488355421965,6.573860519344429,-2.130728844793568,0.14363873647946485,0.03403658304772878,,
206,1782015087.9694438,138.48,6.543754421286749,-2.271344360589045,6.57386025817159,-2.1307285940034655,0.1438024868595351,0.03417661660865266,,
207,1782015088.478621,138.96,6.542770075207308,-2.2698003789452708,6.573786490906957,-2.1308013215048796,0.14241754109719285,0.032987215176765,,
208,1782015088.9840918,139.48,6.542171843712126,-2.2687385713210073,6.573786567054797,-2.130801415171478,0.14151377946565227,0.0322396072859448,,
209,1782015089.5133088,139.96,6.542596575351162,-2.2694978426499333,6.573787683258777,-2.1308026836834837,0.14215917956021412,0.03277166063039725,,
210,1782015090.0358918,140.48,6.542954896223641,-2.270101502648874,6.573863800017245,-2.1307323841013575,0.1427554256006894,0.03329016151385872,,
211,1782015091.0468943,141.48,6.543273197934553,-2.270612272258556,6.5737895078052215,-2.130804612590612,0.14309936013117008,0.03355921795771857,,
212,1782015091.5535016,141.96,6.543400542537796,-2.2708105215595147,6.573862870690531,-2.1307314359861778,0.1433530733941452,0.03379358894100561,,
213,1782015092.0632665,142.48,6.543529425614942,-2.271007778925341,6.573790106886454,-2.1308052083197038,0.14343106231024288,0.033840905006565794,,
214,1782015092.575264,142.96,6.543659839380474,-2.2712040322644445,6.573790366594283,-2.130805460626607,0.14359529096779944,0.03398115922921186,,
215,1782015093.6038167,143.96,6.543744241783692,-2.2713293066466926,6.573862092461903,-2.1307306781708055,0.1437882445082892,0.03416442378716434,,
216,1782015094.1068425,144.48,6.541896882530004,-2.268222937317515,6.573867720786776,-2.1307366455577634,0.1411545781074357,0.03197215643763253,,
217,1782015094.6116383,144.96,6.541371376214968,-2.26714772431019,6.573868554189626,-2.1307376789455885,0.1402275545414995,0.03122528109599861,,
218,1782015095.1159308,145.48,6.542041483695115,-2.2684945303209716,6.573787279518379,-2.1308019121089385,0.14130482179507203,0.032068791287734454,,
219,1782015095.632048,145.96,6.542523723558276,-2.269371084572711,6.573787993637288,-2.1308027305867348,0.14205155159292096,0.03268252132928813,,
220,1782015096.6734061,146.96,6.543109499834472,-2.270352304057404,6.573863774612961,-2.1307320840120876,0.14296723842423967,0.03346786507789423,,
221,1782015097.6530943,147.96,6.543361699860924,-2.2707503677410106,6.573789903613174,-2.130804744639343,0.14321540772173383,0.0336575613439169,,
222,1782015098.1632555,148.48,6.543490116025424,-2.2709479279636184,6.5738629247610065,-2.1307312270200502,0.1434685705441659,0.033891682539058825,,
223,1782015098.6641622,148.96,6.5436200652545295,-2.2711444878250644,6.573862665936416,-2.1307309738071742,0.14363345646072956,0.034032124527596866,,
224,1782015099.1710029,149.48,6.543751539698633,-2.271340035290274,6.573790766344046,-2.1308055886649013,0.14370903181691214,0.03407864171564094,,
225,1782015099.6892765,149.96,6.54323932191155,-2.270563153900861,6.573863272178192,-2.130731562250126,0.14314573117460305,0.03361868369084365,,
226,1782015100.205469,150.48,6.541776379143215,-2.2679821518308554,6.573868061590564,-2.1307368288671062,0.14094734746608492,0.0318037956428698,,
227,1782015100.7103019,150.96,6.54232331739054,-2.2690152034025823,6.573867055475078,-2.130735625000989,0.14183176377408682,0.032524459302009916,,
228,1782015101.2156858,151.48,6.542746300049821,-2.2697539248275085,6.573790127577833,-2.1308050309922684,0.1423745564545359,0.032950842719188585,,
229,1782015101.734278,151.96,6.543110509822526,-2.2703540578973787,6.573865255530242,-2.1307336732139412,0.14296750051216994,0.03346814569906388,,
230,1782015102.23689,152.48,6.543255906076432,-2.270585049330455,6.5738650020710825,-2.1307334146305266,0.14316213356139929,0.0336321096566184,,
231,1782015102.7504387,152.96,6.54338303904877,-2.2707834323238574,6.573864746810952,-2.130733157824775,0.14332904065599358,0.03377328824014325,,
232,1782015103.2787154,153.48,6.543511711858542,-2.270980826268289,6.573791811345456,-2.1308067604487095,0.14340729811738728,0.033820715530076956,,
233,1782015103.7912447,153.96,6.543641916429394,-2.271177217840977,6.5737920704648065,-2.1308070133599397,0.14357167580831307,0.03396101404180597,,
234,1782015104.8190925,154.96,6.543800176546917,-2.271411553431669,6.573792418694713,-2.1308073477462135,0.1437674415348966,0.03412880823075739,,
235,1782015105.8506558,155.96,6.543423273254383,-2.265030378111705,6.575949369570976,-2.129027025824488,0.13983868840545194,0.030849388751914585,,
236,1782015106.8546786,156.96,6.544895704045622,-2.267999407948201,6.575871245208409,-2.129095073692223,0.14231619101642662,0.032855106627678064,,
237,1782015107.3697662,157.48,6.5454028701500775,-2.268861839688056,6.575948743678087,-2.1290262908406388,0.14313291414293078,0.033564633592371114,,
238,1782015107.872112,157.96,6.54577549386233,-2.269456767247007,6.575948491632049,-2.1290260308872377,0.14363565542357012,0.03399381285392978,,
239,1782015108.3838649,158.48,6.545965110952878,-2.2697480655048246,6.575948405949016,-2.1290259458819025,0.14388089841946855,0.03420484832313547,,
240,1782015109.3890586,159.48,6.54622743318982,-2.2701395713405628,6.575948319281679,-2.129025861880343,0.14420960463058122,0.034489549086903014,,
241,1782015109.9058495,159.96,6.546360871055796,-2.2703337899271236,6.575948231835362,-2.1290257786900137,0.14437231714455287,0.03463127974898581,,
242,1782015110.429285,160.48,6.546495815756295,-2.2705269687349237,6.575948143426005,-2.1290256965238736,0.1445339048199752,0.03477257375441549,,
243,1782015110.9318833,160.96,6.546632259125332,-2.2707190959379364,6.57594805463478,-2.1290256147705398,0.1446943622664241,0.03491342859795681,,
244,1782015111.9364662,161.96,6.5452768908778864,-2.268653516481349,6.575872593461288,-2.129096623288269,0.1428713528118097,0.03332302854823375,,
245,1782015112.445531,162.48,6.545644760399924,-2.2692514105787938,6.575948386475879,-2.129025965506498,0.14346248707963632,0.033845447976230965,,
246,1782015112.9529421,162.96,6.545933908772611,-2.2697005409614768,6.575948386475881,-2.129025965506497,0.14384090187161275,0.034170338617464345,,
247,1782015113.46262,163.48,6.546063933330153,-2.269897017944327,6.575948300397724,-2.1290258809012954,0.14400608545067103,0.03431301092156503,,
248,1782015113.983883,163.96,6.546195489925211,-2.2700925102834724,6.575948126477163,-2.1290257135050106,0.1441702484395738,0.03445533211356185,,
249,1782015114.9818916,164.96,6.546463145633673,-2.270480408226062,6.5759480386442,-2.1290256307230093,0.14449502757631602,0.034738515433930535,,
250,1782015115.4915316,165.48,6.54659922852769,-2.270672789977926,6.575947949852975,-2.129025548969675,0.14465575802116834,0.03487947690217502,,
251,1782015116.0145237,165.96,6.546449397286651,-2.2704614953884494,6.575947949852975,-2.129025548969675,0.14447938103024474,0.03472488624213557,,
252,1782015117.0280516,166.96,6.546136271339961,-2.2700049305660244,6.575947776910622,-2.1290253805636694,0.14409704848905155,0.034391795997550226,,
253,1782015117.52922,167.48,6.54626866533431,-2.270199859364471,6.57594760260057,-2.1290252135729997,0.14426059729393184,0.03453388289153325,,
254,1782015118.0707288,167.96,6.546402571636513,-2.270393756579148,6.575947426935119,-2.1290250480094484,0.14442302530164727,0.03467553608760447,,
255,1782015118.5919755,168.48,6.546537982249298,-2.270586610338774,6.575947426935119,-2.1290250480094484,0.14458420164681857,0.03481664603106775,,
256,1782015119.59105,169.48,6.544560396762151,-2.267396536066597,6.575947337953686,-2.1290249664631817,0.1418866848998654,0.03251961494291491,,
257,1782015120.1184375,169.96,6.545026034910677,-2.268227427845715,6.575947337953684,-2.1290249664631817,0.1425954145014246,0.03311056399064361,,
258,1782015121.10078,170.96,6.545745904288161,-2.2694105337440895,6.575946926325514,-2.1290245252279503,0.1435978172508002,0.0339612889552407,,
259,1782015121.6419218,171.48,6.545745897521712,-2.2694104840845686,6.575946926325514,-2.1290245252279503,0.143597770125097,0.03396124455094937,,
260,1782015122.1518095,171.96,6.545918938202149,-2.2696778349720823,6.575946926325515,-2.1290245252279494,0.14382292450341844,0.03415481725214127,,
261,1782015122.6615412,172.48,6.546048772492824,-2.269874378551483,6.575946840247358,-2.129024440622749,0.14398819211998917,0.0342975063202248,,
262,1782015123.165115,172.96,6.546180152729228,-2.2700699887111018,6.575946753384569,-2.129024356823316,0.14415242207191423,0.034439833762171794,,
263,1782015123.6665256,173.48,6.546313050815208,-2.270264575538932,6.575946666326797,-2.129024273226463,0.14431553681293774,0.03458173022566782,,
264,1782015124.182827,173.96,6.546447458627874,-2.2704581268261723,6.575946578493834,-2.129024190444463,0.14447752916385181,0.034723191403222296,,
265,1782015124.691954,174.48,6.546583368034618,-2.270650630722219,6.57594648970261,-2.1290241086911283,0.14463839274795737,0.03486421376827485,,
266,1782015125.1970649,174.96,6.546544057677593,-2.2705956452554155,6.57594648970261,-2.1290241086911283,0.14459254121205223,0.03482399481906265,,
267,1782015126.2045538,175.96,6.545970058958289,-2.2697554287980584,6.575946993342059,-2.129024629073308,0.14388806269533505,0.03421097297069012,,
268,1782015127.2304468,176.96,6.54743964306185,-2.2663810910782143,6.578093850574386,-2.126922933247999,0.14278745821541508,0.03322305077020497,,
269,1782015127.742329,177.48,6.54586057880379,-2.2631733907728826,6.578094504581452,-2.126923800554194,0.14001063104564723,0.03091759239171544,,
270,1782015128.286227,177.96,6.546780733226242,-2.2651627611332437,6.578094504581453,-2.126923800554195,0.14174118137810962,0.03234301041926592,,
271,1782015128.7870557,178.48,6.547512674322427,-2.266519207654113,6.578094504581454,-2.126923800554194,0.14290600416142105,0.03332492544913976,,
272,1782015129.3131611,178.96,6.54809299895787,-2.267490124177584,6.578094504581453,-2.126923800554195,0.14373232648460568,0.03403430474350143,,
273,1782015130.3339872,179.96,6.548831265255906,-2.2686179654719414,6.578094417816331,-2.126923716653641,0.14468445751343553,0.03486669433514813,,
274,1782015130.8526623,180.48,6.548965375511379,-2.2688115932503896,6.578094417816332,-2.12692371665364,0.14484705944801965,0.03501060705116145,,
275,1782015131.3605323,180.96,6.549101018384185,-2.269004283873641,6.578094417816332,-2.12692371665364,0.14500863695721422,0.0351541608014201,,
